peak_f,peak_r,t_peak_f,t_peak_r,total_shares_f,total_shares_r,reach_fake,reach_real,label,features,update_scheme,run_index,seed,json_path,param_N,param_T,param_seeds_f0,param_seeds_r0,param_beta_see,param_beta_share_f,param_beta_share_r,param_gamma_correction,param_gamma_switch,param_delta_decay_f,param_delta_decay_r,param_rng_seed,param_update_scheme,param_micro_async,param_micro_refractory,param_micro_misclass,param_macro_hetero,param_macro_spatial,param_tau_post,param_eta_misclass,param_hetero_sd,param_spatial_strength,param_spatial_mode
155,2128,14,55,1101,6183,0.808,1.0,mis,misclass,sync,0,340235470,C:\Users\John Koh\Desktop\Australia\University\2025 Sem 2\CITS 4403\Project\data\runs\ca\mis_20251014-185138\CA_run_00.json,50,60,6,5,0.35,0.5,0.4,0.7,0.3,0.12,0.06,340235470,sync,False,False,True,False,False,3,0.02,0.2,0.35,radial
200,2124,18,58,1334,6248,0.8292,1.0,mis,misclass,sync,1,340235471,C:\Users\John Koh\Desktop\Australia\University\2025 Sem 2\CITS 4403\Project\data\runs\ca\mis_20251014-185138\CA_run_01.json,50,60,6,5,0.35,0.5,0.4,0.7,0.3,0.12,0.06,340235471,sync,False,False,True,False,False,3,0.02,0.2,0.35,radial
184,2154,13,59,1350,6357,0.8544,1.0,mis,misclass,sync,2,340235472,C:\Users\John Koh\Desktop\Australia\University\2025 Sem 2\CITS 4403\Project\data\runs\ca\mis_20251014-185138\CA_run_02.json,50,60,6,5,0.35,0.5,0.4,0.7,0.3,0.12,0.06,340235472,sync,False,False,True,False,False,3,0.02,0.2,0.35,radial
153,2152,15,58,1179,6271,0.8176,1.0,mis,misclass,sync,3,340235473,C:\Users\John Koh\Desktop\Australia\University\2025 Sem 2\CITS 4403\Project\data\runs\ca\mis_20251014-185138\CA_run_03.json,50,60,6,5,0.35,0.5,0.4,0.7,0.3,0.12,0.06,340235473,sync,False,False,True,False,False,3,0.02,0.2,0.35,radial
174,2142,17,57,1157,6365,0.7944,1.0,mis,misclass,sync,4,340235474,C:\Users\John Koh\Desktop\Australia\University\2025 Sem 2\CITS 4403\Project\data\runs\ca\mis_20251014-185138\CA_run_04.json,50,60,6,5,0.35,0.5,0.4,0.7,0.3,0.12,0.06,340235474,sync,False,False,True,False,False,3,0.02,0.2,0.35,radial
145,2130,14,58,872,6274,0.7516,1.0,mis,misclass,sync,5,340235475,C:\Users\John Koh\Desktop\Australia\University\2025 Sem 2\CITS 4403\Project\data\runs\ca\mis_20251014-185138\CA_run_05.json,50,60,6,5,0.35,0.5,0.4,0.7,0.3,0.12,0.06,340235475,sync,False,False,True,False,False,3,0.02,0.2,0.35,radial
195,2155,18,54,1108,6533,0.808,1.0,mis,misclass,sync,6,340235476,C:\Users\John Koh\Desktop\Australia\University\2025 Sem 2\CITS 4403\Project\data\runs\ca\mis_20251014-185138\CA_run_06.json,50,60,6,5,0.35,0.5,0.4,0.7,0.3,0.12,0.06,340235476,sync,False,False,True,False,False,3,0.02,0.2,0.35,radial
136,2135,13,53,877,6567,0.782,1.0,mis,misclass,sync,7,340235477,C:\Users\John Koh\Desktop\Australia\University\2025 Sem 2\CITS 4403\Project\data\runs\ca\mis_20251014-185138\CA_run_07.json,50,60,6,5,0.35,0.5,0.4,0.7,0.3,0.12,0.06,340235477,sync,False,False,True,False,False,3,0.02,0.2,0.35,radial
149,2166,13,57,937,6250,0.7752,1.0,mis,misclass,sync,8,340235478,C:\Users\John Koh\Desktop\Australia\University\2025 Sem 2\CITS 4403\Project\data\runs\ca\mis_20251014-185138\CA_run_08.json,50,60,6,5,0.35,0.5,0.4,0.7,0.3,0.12,0.06,340235478,sync,False,False,True,False,False,3,0.02,0.2,0.35,radial
194,2155,15,57,1250,6128,0.8036,1.0,mis,misclass,sync,9,340235479,C:\Users\John Koh\Desktop\Australia\University\2025 Sem 2\CITS 4403\Project\data\runs\ca\mis_20251014-185138\CA_run_09.json,50,60,6,5,0.35,0.5,0.4,0.7,0.3,0.12,0.06,340235479,sync,False,False,True,False,False,3,0.02,0.2,0.35,radial
205,2115,17,56,1223,6140,0.802,1.0,mis,misclass,sync,10,340235480,C:\Users\John Koh\Desktop\Australia\University\2025 Sem 2\CITS 4403\Project\data\runs\ca\mis_20251014-185138\CA_run_10.json,50,60,6,5,0.35,0.5,0.4,0.7,0.3,0.12,0.06,340235480,sync,False,False,True,False,False,3,0.02,0.2,0.35,radial
174,2153,12,55,1034,6279,0.8008,1.0,mis,misclass,sync,11,340235481,C:\Users\John Koh\Desktop\Australia\University\2025 Sem 2\CITS 4403\Project\data\runs\ca\mis_20251014-185138\CA_run_11.json,50,60,6,5,0.35,0.5,0.4,0.7,0.3,0.12,0.06,340235481,sync,False,False,True,False,False,3,0.02,0.2,0.35,radial
122,2128,10,55,927,6299,0.764,1.0,mis,misclass,sync,12,340235482,C:\Users\John Koh\Desktop\Australia\University\2025 Sem 2\CITS 4403\Project\data\runs\ca\mis_20251014-185138\CA_run_12.json,50,60,6,5,0.35,0.5,0.4,0.7,0.3,0.12,0.06,340235482,sync,False,False,True,False,False,3,0.02,0.2,0.35,radial
168,2039,14,59,1161,5439,0.7808,0.99,mis,misclass,sync,13,340235483,C:\Users\John Koh\Desktop\Australia\University\2025 Sem 2\CITS 4403\Project\data\runs\ca\mis_20251014-185138\CA_run_13.json,50,60,6,5,0.35,0.5,0.4,0.7,0.3,0.12,0.06,340235483,sync,False,False,True,False,False,3,0.02,0.2,0.35,radial
184,2123,16,55,1266,6106,0.7992,1.0,mis,misclass,sync,14,340235484,C:\Users\John Koh\Desktop\Australia\University\2025 Sem 2\CITS 4403\Project\data\runs\ca\mis_20251014-185138\CA_run_14.json,50,60,6,5,0.35,0.5,0.4,0.7,0.3,0.12,0.06,340235484,sync,False,False,True,False,False,3,0.02,0.2,0.35,radial
305,2173,16,57,1767,6444,0.8804,1.0,mis,misclass,sync,15,340235485,C:\Users\John Koh\Desktop\Australia\University\2025 Sem 2\CITS 4403\Project\data\runs\ca\mis_20251014-185138\CA_run_15.json,50,60,6,5,0.35,0.5,0.4,0.7,0.3,0.12,0.06,340235485,sync,False,False,True,False,False,3,0.02,0.2,0.35,radial
113,2116,14,59,816,5768,0.7036,1.0,mis,misclass,sync,16,340235486,C:\Users\John Koh\Desktop\Australia\University\2025 Sem 2\CITS 4403\Project\data\runs\ca\mis_20251014-185138\CA_run_16.json,50,60,6,5,0.35,0.5,0.4,0.7,0.3,0.12,0.06,340235486,sync,False,False,True,False,False,3,0.02,0.2,0.35,radial
142,2147,11,57,1038,6231,0.8088,1.0,mis,misclass,sync,17,340235487,C:\Users\John Koh\Desktop\Australia\University\2025 Sem 2\CITS 4403\Project\data\runs\ca\mis_20251014-185138\CA_run_17.json,50,60,6,5,0.35,0.5,0.4,0.7,0.3,0.12,0.06,340235487,sync,False,False,True,False,False,3,0.02,0.2,0.35,radial
163,2143,16,52,1080,6637,0.8104,1.0,mis,misclass,sync,18,340235488,C:\Users\John Koh\Desktop\Australia\University\2025 Sem 2\CITS 4403\Project\data\runs\ca\mis_20251014-185138\CA_run_18.json,50,60,6,5,0.35,0.5,0.4,0.7,0.3,0.12,0.06,340235488,sync,False,False,True,False,False,3,0.02,0.2,0.35,radial
150,2163,20,56,975,6217,0.7716,1.0,mis,misclass,sync,19,340235489,C:\Users\John Koh\Desktop\Australia\University\2025 Sem 2\CITS 4403\Project\data\runs\ca\mis_20251014-185138\CA_run_19.json,50,60,6,5,0.35,0.5,0.4,0.7,0.3,0.12,0.06,340235489,sync,False,False,True,False,False,3,0.02,0.2,0.35,radial
